Name,Sb,Sn,Cd,Pd,Ag,Bal,Mo,Nb,Zr,Sr,Rb,Bi,As,Se,Au,Pb,W,Zn,Cu,Ni,Co,Fe,Mn,Cr,V,Ti,Ca,K,Al,P,Si,Cl,S,Mg
TRR-096,0,0,0,0,0,53.46388175,0,0.000625576,0.007492108,0.018604062,0.005366576,0,0,0,0,0,0,0.001644818,0,0,0,1.714695198,0.0407396,0.004282629,0.016267212,0.158813608,1.046292333,2.388051981,5.730954498,0.199312645,35.18517434,0.017801069,0,0
TRR-095,0,0,0,0,0,50.76027484,0,0.001341613,0.010603222,0.01288399,0.008148738,0,0,0,0,0.000925907,0,0.002055295,0,0,0,2.273522902,0.04343142,0.006955959,0.018686792,0.198273439,1.18492807,2.937443431,6.140338795,0.189513324,36.19432099,0.016351269,0,0
TRR-093,0,0,0,0,0,52.66253332,0,0.001226255,0.011990477,0.009044673,0.009799796,0,0,0,0,0,0,0.003884066,0,0,0,3.103761291,0.04543269,0.008343578,0.018713185,0.268726194,0.905248499,3.067545381,6.310685654,0.110712615,32.89438293,0.025257099,0,0.5427123
TRR-090,0,0,0,0,0,52.68533065,0,0.001335663,0.007865133,0.008990874,0.010027877,0,0,0,0,0,0,0.001453789,0,0,0,1.584828135,0.036060611,0,0.011154706,0.124799781,0.681658167,3.481234795,5.697966591,0.112853491,35.5426122,0.011827537,0,0
TRR-091,0,0,0,0,0,53.11639391,0,0.001339,0.016897527,0.005914827,0.007293486,0,0.000734322,0,0,0,0,0.002784637,0,0,0,2.26510392,0.037955568,0.004331659,0.019032547,0.199526775,0.177874876,2.821357321,6.404459578,0.141671446,34.76358039,0.013748202,0,0
TRR-040a,0,0,0,0,0,53.556559,0,0.000953079,0.011618902,0.007317786,0.005044665,0,0.002566348,0,0,0.005920749,0,0.00451342,0,0,0,3.066099351,0.052023755,0.007412671,0.021444082,0.230895051,2.473205053,2.00802003,5.439370473,0.121406327,32.68025932,0.021401545,0,0.283968395
CH-029_15-20cm,0,0,0,0,0,49.66415629,0.000697531,0.002264911,0.023965686,0.013036893,0.007442703,0,0.005017676,0,0,0.00437821,0,0.002273474,0,0,0,3.55076687,0.05083,0.016047395,0.023484717,0.411647723,0.096337102,1.978716035,5.11858017,0.241011829,38.76633247,0.023012318,0,0
CH-108,0,0,0,0,0,52.84100202,0.000383042,0.002609754,0.024516724,0.02033366,0.008030438,0,0.006301669,0,0,0.006774408,0,0.015222845,0.011679238,0,0,5.46573895,0.124921686,0.017142662,0.030956219,0.567469422,2.233222966,2.9180834,8.455216218,0.11966764,26.14339127,0.044509,0,0.942826768
V-005_0-63,0,0,0,0,0,48.44679777,0.0010761,0.002258795,0.022198236,0.009642023,0.007548349,0,0.002187859,0,0,0,0,0.019684645,0.020670788,0,0,5.842218713,0.111729371,0.02216415,0.035749004,0.449794508,2.685818914,2.614645254,7.931627337,0.251553221,30.29623725,0.305256745,0.45654666,0.464594307
CH-014_5-10cm,0,0,0,0,0,64.86029144,0.000578637,0.0015435,0.015101828,0.004268571,0.002827464,0,0.001536061,0,0,0.001813028,0,0.008541762,0.004958046,0,0,4.080336483,0.026361331,0.024693118,0.032487892,0.491567672,0.35850133,0.999730325,7.099133154,0.226801816,21.59725528,0.049453925,0.112217336,0
CH-155,0,0,0,0,0,55.95834809,0,0.0012445,0.011991543,0.006443907,0.003815533,0,0.001625713,0,0,0,0,0.00560705,0,0,0,3.716152398,0.06150133,0.008774982,0.021726758,0.272568469,1.832112826,1.939820601,6.217676954,0.163705087,29.38571734,0.022682957,0,0.368483966
CH-156,0,0,0,0,0,53.31486937,0,0.001140823,0.012402776,0.006654092,0.004206451,0,0.001318474,0,0,0,0,0.005673376,0,0,0,3.281048123,0.059351718,0.008395092,0.021058066,0.25350033,1.705935437,1.991664735,6.495404342,0.167765339,32.3418951,0.020790542,0,0.306925812
CH-014_15-20cm,0,0,0,0,0,57.33217167,0,0.00150695,0.017837,0.005057741,0.0031745,0,0.001293937,0,0,0,0,0.012391575,0,0,0,4.518488691,0.036987936,0.030392446,0.036419286,0.531251376,0.435034155,1.22086697,9.646250833,0.141297027,25.64912251,0.043920749,0,0.336534657
V-006_125-250,0,0,0,0,0,43.80991936,0.001021469,0.001223134,0.0167575,0.010151947,0.001706806,0,0,0,0,0,0,0.0014385,0,0,0,2.603055366,0.029894574,0.018539109,0.010600931,0.22181407,0.963261227,1.076362965,2.519628094,0.219780633,48.43889704,0,0.055947275,0
CH-061_0-5cm,0,0,0,0,0,54.95409115,0,0.001057846,0.023203832,0.002034757,0.002483,0,0,0,0,0,0,0,0,0,0,1.477960834,0.012030742,0,0.009993388,0.228765893,0,0.914279443,4.196767109,0.205534966,37.95233864,0.019458398,0,0
CH-061_20-25cm,0,0,0,0,0,55.66400651,0,0.001262406,0.021936765,0.002900882,0.004207,0,0.000647155,0,0,0,0,0.001673189,0,0,0,2.409682448,0,0.007826614,0.014427625,0.292184393,0,1.483289346,6.726648127,0.14249731,33.19728211,0.02952812,0,0
CH-015_5-10cm,0,0,0,0,0,64.31237605,0.000572208,0.001616058,0.013653999,0.004353495,0.003033662,0,0.002627044,0,0,0.003402961,0,0.008994005,0,0,0,4.570904924,0.038874306,0.023206188,0.033206978,0.490859764,0.683644581,0.922257685,5.908905394,0.230846907,22.52621358,0.052390047,0.168060157,0
V-006_63-125,0,0,0,0,0,42.64972415,0,0.002555117,0.119878637,0.011140021,0.001908852,0,0.000979934,0,0,0,0,0.004074891,0.003618284,0,0,3.806412869,0.068164094,0.024356294,0.017343057,0.53345462,1.489726851,1.228772312,3.082245044,1.023626463,45.69809629,0.019872507,0.214049716,0
CH-110,0,0,0,0,0,50.32441871,0,0.000994468,0.010791706,0.0088965,0.005084152,0,0.000684268,0,0,0,0,0.002098355,0.00299718,0,0,2.920765545,0.050059386,0.010485505,0.019091021,0.207824649,1.447700931,2.062596287,4.612327819,0.160271972,38.13209987,0.020811685,0,0
CH-029_10-15cm,0,0,0,0,0,51.54624895,0.000583426,0.001955691,0.023452548,0.011950921,0.00717395,0,0.004628694,0,0,0,0,0.00210583,0,0,0,3.721491087,0.055020969,0.015763953,0.02425539,0.383971981,0.094123465,1.905407499,4.923804354,0.22289893,37.03283533,0.022327033,0,0
CH-112,0,0,0,0,0,54.46356552,0,0.001040801,0.012279,0.008542294,0.005282337,0,0.00070865,0,0,0,0,0.002836002,0.002664934,0,0,3.250200713,0.07385339,0.007512,0.023114239,0.286314651,1.78290272,2.367399738,5.839542034,0.130361519,31.19940893,0.033886767,0,0.508583769
CH-113,0,0,0,0,0,51.06984867,0,0.000506,0.005917364,0.002995816,0.0018893,0,0.001711464,0,0,0,0,0.001623267,0,0.007863788,0,2.611894927,0.056615736,0.02736238,0.010519786,0.121603082,0.899774303,0.820418124,3.124516405,0.172460761,39.83372482,0.010858318,0,1.217895687
CH-115,0,0,0,0,0,51.86762063,0,0.000661442,0.007467938,0.003495602,0.002995251,0,0.001296775,0,0,0,0,0,0,0,0,2.117162204,0.045764839,0.005891728,0.012414681,0.162089092,2.271801533,1.494094776,4.124989402,0.105754819,37.34576345,0.028435343,0,0.402300493
CH-118,0,0,0,0,0,58.22076366,0,0.000427264,0.007168357,0.002103291,0.001677,0,0,0,0,0,0,0,0,0,0,1.16700226,0.020494261,0,0.006869372,0.121668744,0.865980075,1.242963333,3.804678872,0.159837023,34.0694926,0.018091682,0,0.290782205
CH-119,0,0,0,0,0,49.13158597,0.000360289,0.000411833,0.005474205,0.004665384,0.003428874,0,0.000661871,0,0,0,0,0,0,0,0,1.499395253,0.035107967,0.004236322,0.012646528,0.081687774,0.300722217,1.631617009,2.898644688,0.184993625,44.20436019,0,0,0
rs-125-250,0,0,0,0,0,39.35033946,0.001609446,0.002519155,0.011782184,0.011291235,0.006116162,0,0.003498541,0,0,0,0,0.011063924,0.003272011,0,0,4.995261947,0.072474257,0.03691497,0.027634146,0.36092414,6.186357884,2.793204371,8.561309289,0.17280833,36.54569413,0.044178762,0.028118645,0.773627004
CH-109,0,0,0,0,0,50.78618654,0,0.0007155,0.009261211,0.007290104,0.004597513,0,0,0,0,0,0,0,0,0,0,1.771333691,0.033230912,0.005860027,0.013255708,0.118182278,0.994827123,2.116008319,3.865110614,0.175632566,40.0985079,0,0,0
CH-030_25-30cm,0,0,0,0,0,49.70137454,0.000653063,0.001983194,0.016898098,0.005444768,0.009086585,0,0.001610014,0,0,0,0,0,0,0,0,2.295149225,0,0.009167947,0.017862578,0.182157247,0,2.886887039,5.104396492,0.190603457,39.56693676,0.00978899,0,0
CH-014_25-30cm,0,0,0,0,0,58.06283948,0,0.001341265,0.016453854,0.005524657,0.003057813,0,0.001213942,0,0,0,0,0.011296116,0.001772924,0,0,4.572842159,0.035851377,0.034368729,0.037298368,0.494891654,0.563493573,1.169794877,9.503750096,0.124048066,24.94671268,0.039514311,0,0.373934054
CH-061_50-60cm,0,0,0,0,0,54.77795726,0,0.001165264,0.02247615,0.002919718,0.004324373,0,0.001007744,0,0,0,0,0.002245038,0,0,0,3.281263745,0,0.010611845,0.01589046,0.279508153,0,1.684302205,7.651122825,0.143097073,32.08717081,0.034937336,0,0
CH-028_4-10cm,0,0,0,0,0,54.82726197,0,0.001935262,0.019126975,0.01644373,0.009271426,0,0.004977722,0,0,0,0,0.005168159,0,0,0,5.689379967,0.010008621,0.019423535,0.029572746,0.483973981,0,2.029887599,8.654350314,0.137637562,28.01663274,0.044947694,0,0
116-b,0,0,0,0,0,49.79534501,0.000484324,0.00108,0.048968782,0.006258858,0.001057,0,0.004583213,0,0,0,0,0,0,0,0,0.921032305,0,0,0.005195029,0.190071821,0,0.542993527,1.911066105,0.212072853,46.35979117,0,0,0
V-007_63-125,0,0,0,0,0,45.97327038,0.000593243,0.001708022,0.069671772,0.009347669,0.002289928,0,0.000688754,0,0,0,0,0.003587423,0,0,0,2.528095179,0.042931709,0.009078308,0.015894929,0.331780024,2.05012781,1.252002631,2.991425704,1.390689844,42.93523854,0.013508617,0.378069509,0
CH-014_10-15cm,0,0,0,0,0,61.9349985,0,0.00147153,0.01560957,0.004530469,0.003033849,0,0.001330441,0,0,0,0,0.010662381,0.001924538,0,0,4.468110903,0.031997852,0.028348526,0.0354045,0.516530316,0.396393698,1.095783075,8.224712044,0.180499502,22.96535753,0.048158142,0.03514264,0
116-d,0,0,0,0,0,55.24512946,0,0.000272551,0.004280106,0.005970995,0.00107,0,0.004089749,0,0,0,0,0,0,0,0,0.989827682,0.007315426,0,0.005336406,0.110426461,0,0.92617153,3.481332115,0.140422031,39.06641017,0.01194532,0,0
116-e,0,0,0,0,0,52.21253401,0,0.000565,0.007777733,0.009854161,0.002133,0,0.007257406,0,0,0,0,0,0,0,0,1.740510914,0.014523886,0.003635652,0.009338102,0.145558082,0.025585383,1.21725631,4.029419015,0.20583595,40.04905612,0.014354524,0,0.304804747
CH-127,0,0,0,0,0,55.24127088,0,0.002167094,0.010717894,0.005584271,0.01473433,0,0.001450568,0,0,0.001319164,0,0.008915471,0,0,0,5.711850715,0.083950214,0.017895074,0.040220067,0.628403414,0.153264606,3.89296399,8.85966091,0.13143621,23.98890767,0.043025246,0,1.162262211
CH-015_15-20cm,0,0,0,0,0,61.9512339,0.0003928,0.001496293,0.015055952,0.003644532,0.00276597,0,0.001816,0,0,0,0,0.006823826,0,0,0,5.230544798,0.026102135,0.029325343,0.033306409,0.533488283,0.35247139,0.933108447,7.494511853,0.262327019,22.97669415,0.052226846,0.092664048,0
CH-122,0,0,0,0,0,54.84316582,0,0.001608919,0.010456317,0.007114582,0.013482799,0,0.001422232,0,0,0.001022215,0,0.006876595,0,0,0,4.533805599,0.06133581,0.016229208,0.035493125,0.483095069,0.153860829,4.135757146,8.461695407,0.143638122,26.34375712,0.03858091,0,0.707602175
CH-121,0,0,0,0,0,57.21488566,0,0.001178394,0.010975891,0.008782362,0.011000752,0,0.000602562,0,0,0.001848696,0,0.003036658,0,0,0,3.222714227,0.063804343,0.010940703,0.037126155,0.45083423,0.185134945,3.82400198,7.373938263,0.176807777,26.77702164,0.027636079,0,0.597728684
TRR-036,0,0,0,0,0,50.1844345,0,0.001359644,0.012553193,0.007100521,0.006978695,0,0.001788683,0,0,0,0,0.005402896,0,0,0,4.32666511,0.071174749,0.016671775,0.024663418,0.280399705,1.295890235,2.466562894,6.331209435,0.179264872,34.75895003,0.028929646,0,0
CH-144,0,0,0,0,0,52.37626331,0,0.001279024,0.005772189,0.006388647,0.014927397,0,0,0,0,0.001469384,0,0,0,0,0,0.958350877,0.043062,0,0.011043399,0.104367948,0.191537231,4.203820932,5.11786665,0.150685304,36.80431118,0.008854532,0,0
V-005_125-250,0,0,0,0,0,47.5983562,0.000724452,0.001399228,0.018366857,0.007096176,0.001564,0,0.000404349,0,0,0,0,0.001305275,0,0,0,2.151335165,0.037371631,0.006785012,0.01099605,0.258013237,1.829316929,0.959638907,2.535203975,0.18360122,44.30573989,0.012840026,0.079941421,0
V-007_125-250,0,0,0,0,0,48.6545117,0.000605152,0.001152257,0.012959621,0.008926816,0.001701099,0,0.000514363,0,0,0,0,0.003077645,0,0,0,1.875490987,0.032320527,0,0.012166729,0.199525447,1.862743706,1.066069339,2.743276077,0.166345878,42.84717323,0.011371424,0.213987296,0.286080703
CH-161,0,0,0,0,0,53.6377466,0,0.000932546,0.009694435,0.014150508,0.00541108,0,0.00100853,0,0,0,0,0.002241861,0,0,0,2.431056062,0.054162358,0.009922107,0.016473467,0.184672399,8.084752761,1.903718187,5.108858394,0,27.79514273,0.012334916,0,0.727721056
TRR-025b,0,0,0,0,0,52.94378461,0,0.001629913,0.016831771,0.008182509,0.007005554,0,0.00351169,0,0,0,0,0.006876935,0.009261282,0,0,4.204665821,0.083480109,0.012499843,0.025705389,0.298276963,2.384038622,2.448006688,6.219319811,0.119873429,30.76128339,0.026851077,0,0.418914593
TRR-025a,0,0,0,0,0,53.16649967,0,0.0010865,0.009756171,0.012403742,0.004431903,0,0.001553785,0,0,0,0,0.003161686,0,0,0,3.401867834,0.078028809,0.010388571,0.019003538,0.20853758,8.562453251,1.686658469,5.023956276,0,27.29017562,0.020022204,0,0.50001439
CH-162,0,0,0,0,0,53.66650528,0,0.0009185,0.009674,0.0136825,0.005351644,0,0.000940364,0,0,0,0,0.002848893,0,0,0,2.612543322,0.056742927,0.005937032,0.016075316,0.199742573,7.662360373,1.961370821,5.323172667,0.1027045,27.56136032,0.023817283,0,0.774251688
CH-028_10-15cm,0,0,0,0,0,54.65055817,0.000536562,0.00181428,0.018917708,0.015920368,0.008873031,0,0.004809098,0,0,0,0,0.008392406,0.001860229,0,0,6.530279638,0.012595612,0.02208219,0.030813897,0.453859284,0,2.099494277,9.329057584,0.102907204,26.66132523,0.045903235,0,0
TRR-024a,0,0,0,0,0,54.12631228,0,0.001282793,0.011819686,0.006321614,0.007018616,0,0.003229065,0,0,0,0,0.006872588,0,0,0,3.830892537,0.080178552,0.008911822,0.021274232,0.274260022,1.936639666,2.425987697,6.921129712,0.101502812,29.77651845,0.032983135,0,0.426864724
116-c,0,0,0,0,0,52.25176512,0,0,0.009051938,0.00552265,0.0007045,0,0.004102689,0,0,0,0,0,0,0,0,0.667623201,0,0,0.004635375,0.099153752,0,0.499755339,2.112829585,0.182814153,44.1620417,0,0,0
121-d,0,0,0,0,0,54.13626384,0,0.001672662,0.014291885,0.009577897,0.013215428,0,0.000718701,0,0,0.002842948,0,0.004125509,0,0,0,3.565412765,0.075669202,0.011653545,0.038378912,0.437412906,0.194363332,4.121087813,7.757652895,0.142607869,28.87057849,0.029424659,0,0.573048748
121-e,0,0,0,0,0,53.34696172,0,0.00178103,0.013908895,0.00984034,0.013833802,0,0.000761834,0,0,0.002456467,0,0.004296936,0,0,0,3.77553599,0.072797927,0.010604742,0.040443071,0.46446661,0.187666716,4.527490065,8.178753066,0.108476492,28.55845873,0.036777288,0,0.644688284
121-a,0,0,0,0,0,55.81824605,0,0.004256787,0.141176309,0.009072439,0.015103464,0.00731487,0.001758546,0,0,0.006781703,0,0.008038439,0.004162528,0,0,6.331750511,0.134453349,0.018872164,0.057333538,0.699464579,0.414646016,3.134759577,10.24407943,0.752167097,22.11206661,0.047312571,0.037183421,0
121-c,0,0,0,0,0,52.18162012,0,0.001911477,0.015358741,0.010344633,0.013708013,0,0.000798858,0,0,0.003117701,0,0.004085169,0,0,0,3.624375232,0.068708642,0.009284425,0.040891885,0.378377446,0.207622938,4.412067854,7.602323152,0.132531937,31.26852825,0.02434353,0,0
TRR-023,0,0,0,0,0,55.4165665,0,0.001185072,0.012318879,0.017051034,0.005114496,0,0.0027745,0,0,0.003104866,0,0.007151833,0,0,0,3.826909101,0.081080242,0.01002593,0.020362704,0.255476219,8.887220377,2.003574144,5.568957706,0,23.35983121,0.026072951,0,0.495222235
122-e,0,0,0,0,0,54.31062586,0,0.002662152,0.009198073,0.00614829,0.016772953,0,0.002066222,0,0,0,0,0.011689834,0,0,0,6.857453929,0.09322096,0.0217082,0.046481951,0.661992822,0.249711645,4.174789124,8.951099329,0.145424213,23.37468475,0.048372596,0,1.015897102
122-d,0,0,0,0,0,54.34419761,0,0.001469655,0.009937469,0.006863781,0.012384974,0,0.00105548,0,0,0.001696548,0,0.005911412,0,0,0,4.096763421,0.053752046,0.010467369,0.035323429,0.418328245,0.165486932,4.162669576,8.107689113,0.125994542,27.70880975,0.03134676,0,0.699851894
122-c,0,0,0,0,0,53.37265072,0,0.001251713,0.018277346,0.006973907,0.0105335,0,0,0,0,0.002078258,0,0.003914876,0,0,0,2.446170644,0.033204295,0.00705981,0.028799194,0.266052986,0.183146763,4.087554256,7.183043134,0.155135324,32.16132299,0.032830286,0,0
122-b,0,0,0,0,0,47.96927055,0,0.008305074,0.705154013,0.007996013,0.010733341,0.030069308,0,0,0,0.001927754,0,0.00444689,0.008907482,0,0,2.690686082,0.064542362,0.011419547,0.057106563,0.506956704,0.306998166,3.73025254,6.1470882,1.142454125,36.46400049,0.024931998,0.106752797,0
122-a,0,0,0,0,0,56.58797108,0.000535,0.003271415,0.009694853,0.005243038,0.01281271,0.001805267,0.003461429,0,0,0.003774931,0,0.01069971,0.004385704,0,0,7.245963811,0.135248287,0.022148135,0.050787291,0.605877246,0.3701192,2.231537836,11.87524216,0.188144953,20.35313763,0.101632224,0.176506086,0
114-a,0,0,0,0,0,51.81451064,0.000842912,0.002185642,0.033458888,0.008524187,0.006230358,0,0.002848439,0,0,0.005862562,0,0.0070352,0.010091273,0,0,3.989195049,0.103081277,0.012585582,0.025002458,0.433994244,3.200448234,2.407943595,6.34168394,0.101678646,30.87607457,0.059354102,0.050228125,0.507140075
CH-029_20-25cm,0,0,0,0,0,51.45689381,0.0005085,0.002189879,0.023827156,0.012642334,0.0072635,0,0.005010067,0,0,0,0,0.001707106,0,0,0,3.306291779,0.045429247,0.0130487,0.022046045,0.395802623,0.074048493,1.878862195,5.04295555,0.211529266,37.47806793,0.021875824,0,0
V-006_0-63,0,0,0,0,0,47.86008649,0.001325225,0.002303894,0.031173353,0.015699261,0.005957882,0,0.002157893,0,0,0.001856352,0,0.01528049,0.012579569,0,0,5.472937761,0.111181976,0.024854887,0.031056256,0.432723402,3.189439431,2.230867465,6.363206069,0.200571862,32.31186634,0.461657423,0.681897098,0.539319615
TRR-028,0,0,0,0,0,49.98396065,0.00054117,0.00098931,0.008281821,0.014015153,0.002910308,0,0.001587121,0,0,0.001420471,0,0.002537088,0,0,0,2.256225326,0.053495322,0.007657992,0.012856479,0.1425367,8.307033685,1.201692314,3.560496975,0,34.40575373,0.020120384,0.015888001,0
CH-014_0-5cm,0,0,0,0,0,63.83808971,0.000712128,0.001768416,0.013362298,0.004156014,0.002988443,0,0.001738342,0,0,0.002848041,0,0.008703657,0.002593634,0,0,4.177908822,0.029241925,0.024786118,0.032177467,0.494681595,0.430228515,1.032469238,6.533654559,0.281032617,22.82197405,0.056758748,0.208125658,0
TRR-014b,0,0,0,0,0,51.64094373,0,0.001224557,0.010232379,0.005774201,0.006768665,0,0.037293933,0,0,0.02485814,0,0.125034343,0.014420914,0,0,6.785170077,0.231310184,0.011146741,0.018051127,0.195858165,6.144716123,2.456413401,5.398769982,0.057886471,25.79402539,0.027245924,0.558654062,0.454201493
V-005_500-850,0,0,0,0,0,48.03963093,0.001087869,0.001528817,0.013129361,0.012571592,0.003659234,0,0.001095185,0,0,0,0,0.004620796,0,0,0,3.62187222,0.066104409,0.012619884,0.019365295,0.249661919,5.482964104,1.89300389,4.654839667,0.166793635,34.90019184,0.030228473,0.200430604,0.624600275
V-006_500-850,0,0,0,0,0,52.71338633,0.000534534,0.000993237,0.011693815,0.013546701,0.003474693,0,0.000634462,0,0,0,0,0.001982698,0,0,0,1.984526173,0.028826505,0.007452046,0.017116069,0.17495621,2.368570438,1.930557773,4.421932352,0.171711681,35.61118304,0.018194259,0.193915964,0.324811023
TRR-045,0,0,0,0,0,52.45992607,0,0.001427362,0.013621898,0.006012148,0.00638208,0,0.002217478,0,0,0,0,0.006618622,0,0,0,4.330350507,0.070329514,0.011909436,0.022785007,0.324287099,0.47075207,2.276447634,6.859101603,0.156597694,32.68132196,0.026043581,0,0.273868239
V-005_63-125,0,0,0,0,0,46.15177,0.001269677,0.002225961,0.0470589,0.008865053,0.004324,0,0.001599174,0,0,0,0,0.013650888,0.013948989,0,0,4.052896729,0.173160989,0.014436423,0.022929957,0.372883091,2.577988541,1.942401625,5.197864487,0.229932198,38.35214019,0.035776425,0.430971744,0.351904955
rs-0-63,0,0,0,0,0,53.1286693,0,0.001766846,0.04775296,0.014781,0.0072385,0,0.004100419,0,0,0.006939345,0,0.013216915,0.013564133,0,0,4.261900143,0.078381046,0.015747688,0.028128007,0.34689325,4.574229613,2.506323531,6.868537392,0.135760511,26.11929696,0.553829633,0.618440316,0.654502491
127-d,0,0,0,0,0,54.58910779,0,0.00188817,0.012123772,0.005881471,0.013614097,0,0.0011744,0,0,0.001490534,0,0.007823664,0,0,0,4.908844443,0.068638076,0.015242637,0.037438062,0.535512759,0.152673808,4.110924152,8.765791296,0.158450185,25.68896351,0.046310577,0,0.878106597
CH-015_10-15cm,0,0,0,0,0,63.81127995,0.00040993,0.001484812,0.014277204,0.003744615,0.002769731,0,0.002107864,0,0,0.002832628,0,0.005596927,0,0,0,4.765682715,0.017987855,0.021930944,0.031044897,0.511315318,0.375841672,0.933437918,6.740601349,0.209533809,22.39677763,0.048984273,0.102357963,0
CH-139,0,0,0,0,0,53.02912556,0,0,0.003921074,0.003164397,0.003547938,0,0,0,0,0,0,0,0,0,0,1.07633009,0.028060119,0.002820709,0.010940177,0.097016184,0.38620142,1.63698788,3.110050154,0.184603411,40.42723089,0,0,0
CH-014_20-25cm,0,0,0,0,0,55.35723834,0,0.00161666,0.0182151,0.005337689,0.003397393,0,0.001643554,0,0,0,0,0.013475164,0,0,0,4.778820555,0.035211833,0.033694452,0.036925552,0.516434076,0.497385339,1.29859773,9.804515534,0.106627012,27.10970287,0.042311556,0,0.338849594
V-005_30-40,0,0,0,0,0,52.39721407,0.000979541,0.002363145,0.030750048,0.008722485,0.006023993,0,0.001607432,0,0,0,0,0.014036003,0.012942332,0,0,4.561787386,0.096918977,0.009803481,0.02783433,0.428235624,1.829509121,2.302245899,6.443050316,0.198788442,31.48927491,0.03076863,0.107143839,0
CH-081_5-10cm,0,0,0,0,0,65.93270855,0,0.00186293,0.014565413,0.001670016,0.005192032,0,0.002717831,0,0,0,0,0.002304923,0,0,0,4.036177916,0.064636335,0.014485685,0.023104381,0.383811989,0.030941605,0.912170017,8.074464388,0.162980454,20.20619006,0.050757949,0.079257522,0
TRR-010,0,0,0,0,0,50.71458454,0,0.001067439,0.009483657,0.013327827,0.00549245,0,0.00111883,0,0,0,0,0.005750346,0,0,0,2.669157674,0.057887239,0.00964555,0.016167901,0.182844351,6.459621394,1.919029488,4.962601997,0.089013625,32.18881192,0.009335122,0.0471578,0.637900857
CH-081_0-5cm,0,0,0,0,0,66.30911613,0.00044,0.0017295,0.014873712,0.0025,0.005191742,0,0.002589577,0,0,0,0,0.002730741,0,0,0,3.870328834,0.08121077,0.013586936,0.022345128,0.359552749,0.186766687,0.91595595,7.519326252,0.152671437,20.34786676,0.055381486,0.135835613,0
TRR-012,0,0,0,0,0,51.75305586,0,0.001099751,0.009582638,0.014622967,0.006347172,0,0.0008261,0,0,0,0,0.003862007,0,0,0,2.424603595,0.055310725,0.006948108,0.016464411,0.180309364,6.042766409,2.187551729,5.25545175,0.09577056,31.46490731,0.015226927,0,0.465292625
TRR-013a,0,0,0,0,0,52.53827497,0,0.000892104,0.006436032,0.006447732,0.011582125,0,0.003960315,0,0,0,0.005817257,0.010197583,0,0,0,2.653240151,0.041008489,0.007743888,0.017605337,0.200821813,2.335748081,2.340481264,5.383464256,0.198920518,33.49095639,0.015443244,0.166043261,0.564915192
CH-143,0,0,0,0,0,50.14389807,0,0.001116025,0.008479791,0.006775287,0.012931055,0,0,0,0,0.001559198,0,0,0,0,0,1.109427617,0.03684956,0.004401987,0.013786253,0.091017835,0.182555094,3.980528361,4.879103247,0.170911962,39.35665865,0,0,0
CH-142,0,0,0,0,0,51.43067939,0,0.0013075,0.007489148,0.0066585,0.013651327,0,0,0,0,0.001779831,0,0,0,0,0,1.123423674,0.038451873,0,0.012816224,0.115608769,0.224925162,4.078738581,5.396949616,0.113539872,37.43398053,0,0,0
CH-061_15-20cm,0,0,0,0,0,56.22452096,0,0.001156601,0.021814873,0.002816943,0.003933795,0,0.000675941,0,0,0,0,0.001230574,0,0,0,2.338159661,0,0.0072617,0.015331913,0.290621206,0,1.440788534,6.554781387,0.13711375,32.92892606,0.030866105,0,0
CH-140,0,0,0,0,0,52.15895906,0,0.001167563,0.007813611,0.009730534,0.0113445,0,0,0,0,0.001385537,0,0.002285532,0,0,0,1.787124756,0.0423753,0,0.015880889,0.189782271,0.769400951,3.615454781,6.049500387,0.109360632,34.96251466,0.011323269,0,0.254595766
CH-147,0,0,0,0,0,50.38387825,0,0.001276194,0.010588978,0.010651183,0.008416143,0,0.00272933,0,0,0.006898215,0,0.008586562,0,0,0,4.100716059,0.223700106,0.012110712,0.02797836,0.260834698,5.240999357,2.288905613,5.486200547,0.095042577,30.28350513,0.017722925,0.742357035,0.786902023
CH-146,0,0,0,0,0,53.52041588,0,0.001727972,0.006872,0.00594818,0.009723086,0,0,0,0,0.001897465,0,0.003757662,0,0,0,2.414904797,0.057503943,0.00419577,0.017764749,0.185836294,0.621404217,3.578298024,5.684788472,0.168428223,33.70517121,0.011362048,0,0
CH-145,0,0,0,0,0,51.97070303,0,0.001227323,0.006500971,0.006301758,0.014289492,0,0,0,0,0.001361066,0,0,0,0,0,1.004875707,0.048196003,0,0.011070832,0.095627224,0.214019449,4.406480112,5.428643369,0.117899995,36.67280367,0,0,0
CH-029_5-10cm,0,0,0,0,0,51.46465585,0.000513797,0.002062539,0.022478609,0.012180527,0.007191646,0,0.004561821,0,0,0,0,0.002400817,0,0,0,3.551487987,0.052166927,0.013247136,0.022814316,0.391852774,0.130579619,1.891997967,4.966728364,0.235081072,37.20402604,0.023972184,0,0
CH-168,0,0,0,0,0,56.27230665,0,0.001382381,0.012982117,0.010444471,0.010750856,0,0.000526907,0,0,0.000935706,0,0.003765522,0,0,0,2.492422854,0.03739923,0.009471846,0.025248986,0.252799909,0.353069249,3.481021102,6.209315624,0.11394476,30.15531325,0.015347704,0,0.541550871
CH-149,0,0,0,0,0,50.65558382,0,0.001385468,0.012856307,0.013678921,0.00727,0,0.003114,0,0,0.010024926,0,0.007656957,0.002153999,0,0,3.962769684,0.273276501,0.009614345,0.028120975,0.248010106,6.391231123,2.291384209,5.601882588,0.118518474,29.1030529,0.029275699,0.58120564,0.647933356
CH-148,0,0,0,0,0,54.29525257,0,0.00125461,0.008905947,0.012519676,0.008339692,0,0.000776289,0,0,0,0,0.003662471,0,0,0,2.943481847,0.0660067,0.00717177,0.019217736,0.238504529,4.755343136,2.601529823,5.899402372,0.099445375,28.27308737,0.018154327,0.092131484,0.655812274
TRR-041,0,0,0,0,0,53.53304755,0,0.001203803,0.011799752,0.011410759,0.004447914,0,0.001246762,0,0,0,0,0.004673998,0,0,0,2.695069972,0.051739152,0.007300448,0.017744853,0.203900553,4.815822156,1.854862955,4.858502304,0.112439553,30.42776139,0.034552079,0.863537373,0.488936677
CH-131,0,0,0,0,0,50.90505472,0,0.001742248,0.029337895,0.002986577,0.003486943,0,0.001158154,0,0,0,0,0.003452395,0,0,0,3.292858519,0.101134563,0.011807518,0.02093692,0.420227607,0.424597022,1.702991954,5.375532426,0.236265012,37.12875627,0.016143572,0,0.321529682
CH-081_25-30cm,0,0,0,0,0,62.3962249,0.000413531,0.001998914,0.01710599,0.001254882,0.00593743,0,0.0030638,0,0,0,0,0.003218503,0,0,0,4.54841213,0.057460888,0.016381914,0.024229057,0.418402224,0,0.982576022,9.666723614,0.140223204,21.64932356,0.04878616,0.018263278,0
TRR-044,0,0,0,0,0,53.64531069,0,0.000962589,0.010796395,0.012431188,0.009514173,0,0.000588507,0,0,0,0,0.003099956,0,0,0,2.225826146,0.043242619,0.006647504,0.028290114,0.214260651,0.41280951,3.464540213,6.530237679,0.138606724,32.88807731,0.035701149,0,0.329056882
TRR-008,0,0,0,0,0,49.88030813,0.000336728,0.001314967,0.013261755,0.011591497,0.005838224,0,0.001904941,0,0,0,0,0.004421156,0,0,0,2.940978965,0.061340164,0.009183749,0.020941128,0.22911863,3.365618752,2.206622587,5.943313215,0.137626367,34.56509234,0.026136577,0.077366899,0.497683227
TRR-009,0,0,0,0,0,49.47380972,0.000417206,0.001284598,0.010050636,0.01374865,0.00517486,0,0.001157553,0,0,0,0,0.003488575,0,0,0,3.060877142,0.061415051,0.015260848,0.016328927,0.188515306,7.007982764,1.754279928,4.716856134,0.104218589,32.9299938,0.019917494,0,0.615222222
CH-141,0,0,0,0,0,51.46658509,0.000309881,0.001607023,0.006215465,0.008344673,0.0094715,0,0,0,0,0.0009335,0,0,0,0,0,1.195148099,0.026053153,0,0.016774355,0.155697161,0.621083534,3.565502221,4.764322338,0.15877289,38.00317911,0,0,0
CH-135,0,0,0,0,0,53.67048262,0,0.000670003,0.006413567,0.003724695,0.004598839,0,0.000718637,0,0,0,0,0.001519912,0,0,0,2.481520287,0.054208488,0.007650144,0.017668539,0.217210143,0.685673721,2.169802354,5.115208081,0.112532811,34.93148947,0.013444606,0,0.505463077
TRR-006,0,0,0,0,0,51.00334902,0.000402672,0.00143701,0.015882594,0.013377389,0.005571909,0,0.002218438,0,0,0,0,0.004348304,0,0,0,3.254064835,0.075228491,0.009918799,0.022195094,0.229970788,4.139366752,2.170185617,5.531009688,0.149858265,32.91125652,0.027364508,0,0.432993306
TRR-013b,0,0,0,0,0,51.80754917,0,0.001151008,0.010688236,0.014513161,0.00652002,0,0.001246859,0,0,0.002006977,0,0.004244269,0,0,0,2.626230179,0.057822727,0.006425789,0.018087834,0.194631283,5.969815523,2.226624828,5.512845071,0.124648937,30.68550904,0.013067542,0.055025572,0.661345971
TRR-005,0,0,0,0,0,53.79609141,0,0.001334273,0.01357697,0.012233,0.0047535,0,0.00171455,0,0,0,0,0.003461326,0,0,0,2.715751282,0.077623853,0.007095429,0.01786581,0.206473747,5.382873921,1.870454047,5.151120154,0.117175141,30.18711555,0.020855116,0,0.412430915
CH-015_20-25cm,0,0,0,0,0,63.5693759,0.00062583,0.001705962,0.015776011,0.003759353,0.002897689,0,0.001886093,0,0,0,0,0.006980684,0,0,0,5.1474861,0.027423176,0.02667566,0.033416699,0.534715817,0.33971839,0.942586378,7.845048786,0.249235965,21.09820548,0.055696016,0.096784006,0
CH-061_5-10cm,0,0,0,0,0,55.6772249,0,0.001166147,0.024702871,0.002317983,0.002946772,0,0.000565605,0,0,0,0,0,0,0,0,1.949910147,0.007715863,0.006973432,0.013083234,0.279102143,0,1.187632696,5.721081848,0.150227534,34.94935752,0.025991312,0,0
V-005_40-63,0,0,0,0,0,50.48927496,0.001282015,0.002501154,0.041499238,0.010501693,0.005349574,0,0.001601079,0,0,0,0,0.014826999,0.017483744,0,0,4.345848305,0.093537101,0.009338545,0.027236084,0.427561377,3.395034459,2.183413691,6.009885647,0.229241202,32.114139,0.030963629,0.200845326,0.348635182
CH-030_5-10cm,0,0,0,0,0,48.71993734,0.000708,0.002304946,0.01935136,0.005402895,0.008279695,0,0.001326064,0,0,0,0,0,0,0,0,1.632222335,0,0.009196137,0.016393847,0.198534605,0,2.461340719,4.180142842,0.180092567,42.56476665,0,0,0
CH-158,0,0,0,0,0,54.18235589,0,0.000937386,0.013411937,0.005343981,0.007399036,0,0.001042772,0,0,0,0,0.001565036,0,0,0,2.269969483,0.036363949,0.007731286,0.023664306,0.253028647,0.374967326,3.227510881,6.727937375,0.116760877,32.32499056,0.018197344,0,0.406821924
CH-159,0,0,0,0,0,59.25168618,0,0.0009135,0.013907673,0.010602673,0.004077581,0,0.001890292,0,0,0,0,0.00432742,0,0,0,3.674647762,0.082227721,0.012267794,0.021989409,0.282125591,3.628688344,1.94539982,6.054230135,0.122169765,24.53149218,0.025435305,0.063728706,0.268192155
V-005_2-30,0,0,0,0,0,52.99836463,0.001057808,0.002169873,0.016743963,0.008142556,0.008131847,0,0.002158506,0,0,0,0,0.027112016,0.019117609,0,0,5.715512882,0.181574942,0.015392099,0.036490082,0.457813774,1.097247125,2.579352617,7.594017236,0.184280277,28.92166462,0.043854498,0.089801037,0
CH-154,0,0,0,0,0,49.36604567,0.000369476,0.001416113,0.010049902,0.010260915,0.006945686,0,0.014413002,0,0,0.10543879,0,0.08525318,0.020802078,0,0,3.961896596,0.101874462,0.010983546,0.018565728,0.19863609,3.594173838,2.415744598,5.062847141,0.116257211,34.46993526,0.026476044,0.114102943,0.287511739
rs-500-850,0,0,0,0,0,45.99374848,0.001338663,0.002106475,0.018914101,0.006857859,0.008067669,0,0.003693852,0,0,0,0,0.00581493,0,0,0,4.210513152,0.040946191,0.009828741,0.028520528,0.312422484,1.479327495,3.162678818,8.465450285,0.189727726,35.53413746,0.024729646,0,0.50117545
TRR-014a,0,0,0,0,0,52.11984992,0.000334078,0.001127653,0.008801925,0.007850653,0.0030325,0,0.002674281,0,0,0,0,0.003571697,0,0,0,3.77451248,0.04475191,0.010651956,0.018409686,0.216496604,3.758832775,1.445390812,4.808579787,0.127053039,33.62909743,0.018980814,0,0
CH-157,0,0,0,0,0,53.71221931,0,0.000868774,0.01151291,0.004950476,0.007275063,0,0.001219167,0,0,0,0,0.001555678,0,0,0,2.262362482,0.034981197,0.007024927,0.024662395,0.237763084,0.299062629,3.121816471,6.386621022,0.142860608,33.28304016,0.017612518,0,0.442591129
CH-150,0,0,0,0,0,53.93397097,0,0.001056789,0.009549242,0.013912448,0.006783,0,0.000877856,0,0,0.001625545,0,0.002282031,0,0,0,2.425784269,0.065301971,0.007552317,0.019998346,0.200088059,6.288010913,2.385016873,5.480513693,0.088213375,28.41099074,0.013964584,0,0.644506986
CH-151,0,0,0,0,0,50.07768206,0.000679528,0.001955152,0.017768611,0.013882036,0.006666,0,0.004022266,0,0,0.001951443,0,0.017069731,0.003831256,0,0,4.494480204,0.102665727,0.014453317,0.028591271,0.386754166,4.418661632,2.389786657,7.321940384,0.134236222,29.77659404,0.033447265,0.091512244,0.661368788
CH-153,0,0,0,0,0,49.25771087,0.000443788,0.001938294,0.015721,0.01113071,0.008081408,0,0.016966653,0,0,0.209441799,0.037553024,0.120590628,0.064631242,0,0,5.567614951,0.12673609,0.014163767,0.020548805,0.271602783,3.840234956,2.31786209,5.74979139,0.176968025,31.35342411,0.03361433,0.127771647,0.655457638
CH-061_40-50cm,0,0,0,0,0,55.79535869,0,0.001311873,0.0185424,0.00324412,0.004739747,0,0.000963474,0,0,0,0,0.001767672,0,0,0,2.845574824,0,0.010029988,0.016599016,0.2859743,0,1.794592727,7.835745287,0.153485607,31.19603643,0.036033851,0,0
TRR-058,0,0,0,0,0,54.65696543,0,0.001153054,0.011006329,0.016686154,0.007796219,0,0.00213041,0,0,0,0,0.004833136,0,0.005674158,0,3.507679903,0.09087993,0.018799748,0.02187996,0.258369682,9.65364639,2.281897589,5.736306101,0,22.22343918,0.035623993,0.250045288,1.215187347
114-d,0,0,0,0,0,55.70747287,0,0.000650311,0.011675778,0.003467827,0.00268716,0,0.000809071,0,0,0,0,0,0,0,0,1.834875066,0.031191443,0,0.010955348,0.186399012,1.333803518,1.607085666,4.732481723,0.149866718,33.91830419,0.024816559,0,0.443457736
114-e,0,0,0,0,0,52.06734588,0,0.00081,0.007845032,0.005147233,0.003438985,0,0.001888253,0,0,0.007280324,0.014778429,0,0,0,0,2.267151418,0.044991308,0.005540613,0.01383935,0.17480882,2.853164737,1.708459633,4.590570937,0.150747101,35.62326091,0.033275272,0,0.42565576
rs-250-500,0,0,0,0,0,52.08514208,0.000521268,0.001421575,0.013757785,0.007152483,0.007306723,0,0.002363019,0,0,0,0,0.006884919,0.001973911,0,0,4.182280497,0.038801679,0.013780982,0.028608348,0.347971307,1.728086721,3.169578013,8.661283961,0.159062383,28.81177724,0.030223561,0,0.70202155
CH-061_30-40cm,0,0,0,0,0,55.064721,0.000414468,0.001350124,0.019759732,0.003159366,0.004659425,0,0.001059431,0,0,0,0,0.002046596,0,0,0,3.214365564,0.006788809,0.012732807,0.01506608,0.282227057,0,1.655692139,7.393619745,0.150398098,32.14034681,0.031592747,0,0
114-c,0,0,0,0,0,55.95311749,0,0.000581452,0.011081918,0.002876312,0.002237297,0,0.000495722,0,0,0,0,0,0,0,0,1.623110923,0.028756082,0,0.010371456,0.193339173,1.029066695,1.515096548,4.842468326,0.123788118,34.2471951,0.02547415,0,0.390943241
117-e,0,0,0,0,0,56.02822302,0,0.000393144,0.006578838,0.002988041,0.002185868,0,0.000797485,0,0,0,0,0,0,0,0,1.793392643,0.038297672,0.003400012,0.012794622,0.162270502,2.785179448,1.577466051,4.163450732,0.098586587,32.88983564,0.024794498,0,0.409365199
117-d,0,0,0,0,0,55.69420585,0,0.000813397,0.009706382,0.0042915,0.003751827,0,0.001694511,0,0,0,0,0,0,0,0,2.628864974,0.05771171,0.007251617,0.015106815,0.216174638,2.171329674,2.056401206,5.747167269,0.100365344,30.74456229,0.030218304,0,0.5103827
117-c,0,0,0,0,0,53.22795215,0,0.000471993,0.006504409,0.002730624,0.001963559,0,0.000759141,0,0,0,0,0,0,0,0,1.331728389,0.026179958,0,0.009094488,0.131210915,0.765549815,1.183276833,3.515757219,0.232475065,39.54480108,0.01954436,0,0
117-b,0,0,0,0,0,50.32011502,0,0.001457802,0.058811149,0.003650871,0.002479465,0,0.001079314,0,0,0,0,0,0.002902746,0,0,1.955460747,0.027866955,0.005472192,0.01271689,0.259231706,0.810864997,1.275302293,4.161017806,0.894658363,39.81160265,0.02199259,0.063757177,0.309559262
117-a,0,0,0,0,0,19.85270696,0.001128524,0.003624475,0.060417516,0.0078395,0.006108144,0,0.005839435,0,0,0,0.020208013,0.012195171,0.013532031,0,0,7.021010338,0.161485041,0.020817554,0.04111694,0.885367185,2.799442776,3.679665246,11.52247417,1.897965391,51.67509939,0.074994381,0.236961813,0
CH-160,0,0,0,0,0,51.59402696,0,0.001298346,0.018762404,0.012069303,0.004435099,0,0.00251964,0,0,0,0,0.005206125,0,0,0,3.714180045,0.092160773,0.011138985,0.021062305,0.268607349,3.993523491,1.756953102,6.196085391,0.114594665,31.86105827,0.024292353,0,0.30802539
CH-081_20-25cm,0,0,0,0,0,62.74553092,0.000501798,0.001717287,0.0151735,0.001140777,0.005328485,0,0.002816537,0,0,0,0,0.002341788,0.001590264,0,0,4.122451889,0.050027612,0.015860355,0.023609901,0.375482654,0,0.900943758,8.881129487,0.128668555,22.65689375,0.045529239,0.02326145,0
CH-028_25-30cm,0,0,0,0,0,55.71774998,0.0003868,0.001763591,0.017272267,0.016697807,0.009132017,0,0.004641606,0,0,0.002051418,0,0.012443064,0.003844911,0,0,6.167044097,0.02879065,0.02291582,0.032262726,0.430376929,0,2.463149055,9.784201068,0.13410556,25.10714034,0.044030291,0,0
TRR-011b,0,0,0,0,0,48.44595191,0.000509357,0.001470189,0.017106431,0.011895179,0.00544852,0,0.002208815,0,0,0,0,0.00836423,0,0,0,3.690198284,0.066295649,0.017782096,0.018777671,0.229147819,5.638043025,1.859796473,5.411265655,0.093398235,33.73178571,0.015059805,0.147061863,0.588433082
CH-169,0,0,0,0,0,50.89946957,0,0.001245305,0.011066332,0.012820167,0.006980404,0,0.001662045,0,0,0,0,0.005652112,0,0,0,3.608375209,0.110438122,0.011635802,0.018356343,0.227026125,6.358736086,2.291172084,5.370417603,0.081881254,29.83743014,0.018608623,0.465379343,0.661647329
CH-111,0,0,0,0,0,56.36921049,0,0.000664886,0.008381667,0.007920712,0.004559728,0,0.000547704,0,0,0,0,0.001950927,0,0,0,2.572624065,0.058354078,0.008428847,0.024761669,0.24786726,1.340409991,2.37988123,5.383501459,0.137889644,30.94553537,0.029167178,0,0.478343098
CH-166,0,0,0,0,0,53.88229622,0,0.001045921,0.00782288,0.011646,0.005878977,0,0.001874616,0,0,0,0,0.00661465,0,0,0,4.034028235,0.170442815,0.009759826,0.019844585,0.253277021,8.170908617,2.086010859,5.571704754,0,23.29642175,0.019864338,1.703645326,0.746912603
CH-167,0,0,0,0,0,50.17595697,0,0.000823985,0.008414847,0.012058707,0.0042955,0,0.007493213,0,0,0,0,0.005401978,0,0,0,6.067615105,0.328816555,0.012535177,0.016137055,0.183758821,13.82578377,1.436624462,4.588754371,0,21.58397041,0.021794223,0.581096049,1.138668806
CH-030_15-20cm,0,0,0,0,0,52.69017283,0,0.001804059,0.015896326,0.005119614,0.008735609,0,0.001537347,0,0,0,0,0,0,0,0,2.225848215,0,0,0.016378296,0.180544744,0,2.754881409,5.303329758,0.198607449,36.57986192,0.017282424,0,0
CH-129,0,0,0,0,0,50.63799171,0,0.001144439,0.010907785,0.00229246,0.005155083,0,0.001328527,0,0,0,0,0.002155254,0,0,0,2.850902237,0.03614136,0.009921341,0.022258013,0.236532439,0,2.084071836,5.452568849,0.1293113,38.50247328,0.014844091,0,0
CH-128,0,0,0,0,0,50.40145438,0.000327166,0.001103,0.012487606,0.002286687,0.005129157,0,0.001447246,0,0,0,0,0.002303916,0,0,0,2.985696527,0.048307579,0.00766586,0.021823819,0.242803255,0.022506476,2.084957023,5.551007576,0.243647254,38.35392266,0.011122818,0,0
CH-120,0,0,0,0,0,53.46439913,0,0.0004305,0.004526024,0.004329195,0.003772,0,0.000846302,0,0,0,0,0,0,0,0,1.644405405,0.045118763,0,0.014431352,0.119350576,0.39061439,1.97920183,4.03553073,0.289842698,37.98945743,0.013743676,0,0
TRR-021a,0,0,0,0,0,52.77511037,0.000628609,0.001169115,0.012681584,0.011811051,0.003898459,0,0.006097561,0,0,0,0,0.006602831,0,0,0,4.547638593,0.090233947,0.009984945,0.022365353,0.245099864,3.728140514,1.647828739,5.475762221,0.141014612,31.24916741,0.024764226,0,0
CH-030_20-25cm,0,0,0,0,0,50.43706,0.000512,0.001766,0.016773,0.005085,0.008999,0,0.001381,0,0,0,0,0,0,0,0,2.396011,0,0.007733,0.018185,0.181529,0,2.742579,4.944498,0,39.222281,0.015608,0,0
V-007_500-850,0,0,0,0,0,46.9413655,0.001422,0.0013915,0.013851249,0.013620041,0.0038425,0,0.001662305,0,0,0,0,0.00446057,0.002560824,0,0,3.75135078,0.061687365,0.023176524,0.019396526,0.218848916,4.706361719,1.92296232,4.549872126,0.128613906,36.56276964,0.020570137,0.369479674,0.680733885
CH-061_10-15cm,0,0,0,0,0,55.82098825,0,0.001102461,0.023067911,0.002435729,0.003306267,0,0.000782245,0,0,0,0,0.001041415,0,0,0,2.163741009,0,0.009071554,0.014696464,0.288246555,0,1.309525368,6.132002671,0.167060915,34.03346603,0.02946516,0,0
CH-081_10-15cm,0,0,0,0,0,65.16039413,0.000293951,0.001750562,0.015844393,0.001313113,0.005369487,0,0.002761094,0,0,0,0,0.002767981,0.002059885,0,0,4.072548882,0.074402419,0.015795199,0.023944102,0.369511517,0,0.88938152,8.307556313,0.137479127,20.79994145,0.063089352,0.053795525,0
V-007_0-63,0,0,0,0,0,49.23177671,0.000927087,0.002364486,0.026849606,0.013721442,0.006182493,0,0.002018846,0,0,0,0,0.015053714,0.011432831,0,0,4.934755461,0.081401484,0.016533393,0.02946534,0.447311535,3.19710418,2.285719588,6.581254348,0.199403846,31.85722242,0.144803539,0.479647044,0.435050605
CH-116,0,0,0,0,0,53.0816027,0,0.000440767,0.00535255,0.007691555,0.0013525,0,0.005071141,0,0,0,0,0,0,0,0,1.219895726,0.007786541,0,0.007267613,0.129022483,0,1.003441835,3.687283037,0.147648734,40.68165286,0.014489959,0,0
CH-117,0,0,0,0,0,49.56500897,0.000373543,0.000504022,0.006457655,0.002980008,0.002169,0,0.00111966,0,0,0,0,0,0,0,0,1.953125531,0.026741031,0.006542165,0.009809984,0.107152594,1.464066946,1.015820525,2.762070441,0.125104145,42.92706883,0.023884947,0,0
CH-114,0,0,0,0,0,53.10902678,0,0.000581815,0.008963004,0.003333009,0.002671127,0,0.000962154,0,0,0,0,0,0,0,0,1.809134071,0.028260433,0,0.01023808,0.153251472,1.586717215,1.394293054,4.121955777,0.198585066,37.17209531,0.025386559,0,0.37454508
rs-63-125,0,0,0,0,0,49.52148491,0.000805952,0.00216332,0.047026182,0.01108194,0.004612297,0,0.002296569,0,0,0.002041901,0,0.009332091,0.002746675,0,0,3.766842438,0.068760458,0.036367304,0.020913915,0.318507118,5.330669406,1.89115848,6.162995569,0.16420337,31.74655532,0.033634565,0.046062686,0.809737535
V-007_250-500,0,0,0,0,0,32.92735983,0.0021015,0.002506054,0.011518965,0.012712916,0.0028115,0,0.00217821,0,0,0,0,0.005311519,0.004571959,0,0,5.778584711,0.084866368,0.040864269,0.025833788,0.385005805,3.57749617,1.787823559,4.790954056,0.170606925,49.91608689,0.0202945,0.450510509,0
V-006_250-500,0,0,0,0,0,47.18661409,0.000968339,0.001255207,0.009865984,0.013699719,0.002624,0,0.000352315,0,0,0,0,0.003090201,0,0,0,1.753362062,0.031813507,0.007008332,0.014470011,0.148515178,1.838818931,1.600063428,3.725217831,0.228258865,43.30345291,0.015779834,0.114769255,0
CH-126,0,0,0,0,0,55.96925101,0.000414427,0.002255084,0.008688309,0.005721549,0.014561537,0,0.001757521,0,0,0.001067287,0,0.009124287,0,0,0,5.863021101,0.087648255,0.016773426,0.041896168,0.652134764,0.178470273,3.768629511,9.254174912,0.162753427,22.78753066,0.046523231,0,1.12760326
TRR-084,0,0,0,0,0,55.03060277,0,0.0007795,0.008588535,0.026329024,0.005820732,0,0,0,0,0,0,0.001608,0,0,0,2.421271438,0.046511019,0.00574733,0.021268661,0.263134453,4.379573424,2.996513215,4.993315123,0.110686453,28.22337788,0.064272544,0.372039304,1.028560596
CH-029_0-5cm,0,0,0,0,0,53.44918155,0.000380579,0.001957167,0.021933675,0.011884565,0.006984,0,0.004060231,0,0,0,0,0.002130331,0,0,0,3.336888406,0.046062192,0.012307783,0.023393691,0.379641019,0.11727386,1.814415003,4.850061271,0.222945076,35.676306,0.022193602,0,0
CH-028_15-20cm,0,0,0,0,0,55.41965957,0,0.001687296,0.018868968,0.015384343,0.009104299,0,0.004775362,0,0,0,0,0.007639392,0.0026144,0,0,6.482512258,0.022051494,0.022720146,0.030338395,0.449728406,0,2.106629436,9.211229354,0.115175933,26.03499628,0.04488467,0,0
CH-172,0,0,0,0,0,52.99775275,0,0.001037458,0.009443604,0.013457587,0.00661638,0,0.001154847,0,0,0,0,0.00302577,0,0,0,2.588254727,0.067266127,0.007365846,0.018124957,0.2080385,6.106405561,2.398255638,5.606324358,0.128225881,29.16821057,0.012185828,0.033120021,0.625733589
CH-171,0,0,0,0,0,55.43405906,0,0.001036816,0.009313302,0.014190748,0.007341158,0,0.001155695,0,0,0,0,0.003851746,0,0,0,3.040474177,0.079177605,0.007827899,0.019974129,0.267837428,5.500162408,2.54630234,6.244272117,0.090287138,25.96823997,0.021589909,0.050436489,0.69246987
CH-170,0,0,0,0,0,52.36340976,0,0.001172724,0.009833142,0.012492542,0.0071145,0,0.001278378,0,0,0,0,0.004117292,0,0,0,3.181666173,0.083277074,0.009399878,0.020387448,0.234222477,6.195597421,2.305405178,5.839639997,0.106121792,28.60755847,0.018039625,0.377411373,0.621854757
TRR-089,0,0,0,0,0,50.16854695,0.000385717,0.001427,0.0096939,0.025983014,0.006895,0,0,0,0,0,0,0.005801776,0,0,0,3.525727933,0.065186285,0.006264973,0.021554855,0.278790624,1.898204936,2.662171858,6.776056401,0.160075078,34.00949632,0.026642521,0,0.35109486
TRR-088,0,0,0,0,0,53.44051253,0,0.000428242,0.008566891,0.038644977,0.002918208,0,0,0,0,0,0,0,0,0,0,1.514033719,0.024351837,0,0.017104297,0.142129888,1.672867032,1.949750612,5.860443678,0.171592222,35.1425043,0.014151569,0,0
CH-028_20-25cm,0,0,0,0,0,54.82907263,0,0.001659617,0.018105437,0.015197428,0.008872,0,0.005222035,0,0,0,0,0.011589676,0.002838641,0,0,7.009496731,0.024198875,0.025932316,0.032635779,0.43684473,0,2.23894644,9.771335778,0.121813332,25.39843389,0.047804667,0,0
CH-061_25-30cm,0,0,0,0,0,54.04887021,0.00033451,0.001147271,0.021095882,0.00291416,0.004317997,0,0.001053439,0,0,0,0,0.001616682,0,0,0,2.877623944,0.016255629,0.010177896,0.014265849,0.262392384,0,1.405149489,6.469156711,0.152919877,34.68145225,0.029255819,0,0
127-e,0,0,0,0,0,40.71040094,0.001242884,0.003212583,0.016352672,0.006591951,0.018469631,0,0.002237897,0,0,0,0,0.012487535,0,0,0,6.508289595,0.094876447,0.018568613,0.048984335,0.661836627,0.213649308,4.957947179,8.675535499,0.131267253,36.91509652,0.058308576,0,0.944643953
127-b,0,0,0,0,0,51.63539374,0.000908344,0.004293,0.301719417,0.005474941,0.0087846,0.008234361,0,0,0,0.001137176,0,0.003532153,0.005453819,0,0,2.499159982,0.05268835,0.006225791,0.034260986,0.433500979,0.197605218,2.983564016,5.951252763,1.028472687,34.7570002,0.025010013,0.056327462,0
127-c,0,0,0,0,0,51.99460027,0,0.000899217,0.010736493,0.005491241,0.008545614,0,0,0,0,0.001226422,0,0,0,0,0,1.604055795,0.024084021,0,0.022593709,0.191158129,0.088624527,3.343418349,5.069113853,0.116045264,37.5085832,0.010823902,0,0
127-a,0,0,0,0,0,55.05714573,0.000716384,0.003110732,0.03147691,0.005173743,0.012328496,0,0.003293569,0,0,0.004418994,0,0.011214847,0.012133881,0,0,6.744778422,0.12551774,0.020329121,0.04687827,0.640173507,0.481231767,2.510332913,10.87862912,0.168376737,23.10793485,0.086970418,0.04783385,0
CH-132,0,0,0,0,0,55.60388821,0,0.001017243,0.009895668,0.00276169,0.0030425,0,0,0,0,0,0,0.00159163,0,0,0,2.460703173,0.071391584,0.006960107,0.01674298,0.272263887,0.502728537,1.814038749,4.964487783,0.18382564,33.80782048,0.017417063,0,0.25942308
CH-133,0,0,0,0,0,52.26595645,0,0.000929891,0.010399512,0.002522727,0.002997996,0,0.000753699,0,0,0,0,0.001807883,0,0,0,2.556364107,0.065698539,0.008859614,0.016103367,0.219085144,0.385093903,1.471198216,4.019309349,0.153792021,38.8065196,0.012607986,0,0
CH-130,0,0,0,0,0,51.15173093,0,0.001054625,0.009823493,0.002950188,0.002725559,0,0.001007173,0,0,0,0,0.001629433,0,0,0,2.994202129,0.082424983,0.014502194,0.016647186,0.322497951,0.295573785,1.428513767,4.411236686,0.209955059,38.69283574,0.015833735,0,0.34485538
CH-030_0-5cm,0,0,0,0,0,48.30958182,0.000579113,0.002427728,0.020971977,0.00664964,0.00794711,0,0.002446184,0,0,0,0,0,0,0,0,2.06584296,0,0.012547588,0.016452849,0.237172427,0,2.360279414,4.067144101,0.186786814,42.70317027,0,0,0
CH-136,0,0,0,0,0,55.26870686,0,0.000607362,0.007909842,0.0040765,0.005051701,0,0.001199878,0,0,0,0,0.003959091,0,0,0,2.286145729,0.086117807,0.006035136,0.016882964,0.215231421,0.901844252,2.303456728,5.185806182,0.244462879,33.04659815,0.013331338,0.026137772,0.376438413
CH-137,0,0,0,0,0,49.19573937,0.000582567,0.001818693,0.013732598,0.004637393,0.007906422,0,0.002349913,0,0,0,0,0.009529448,0.001904535,0,0,3.982926347,0.096763634,0.011150135,0.024988253,0.352864597,1.106978005,2.608485251,6.239901409,0.243448044,35.1337704,0.023155525,0.331342351,0.606025112
CH-134,0,0,0,0,0,47.97767185,0.000553228,0.00134,0.014673092,0.004063249,0.005289534,0,0.001155444,0,0,0,0,0.002730617,0,0,0,3.053431207,0.051632645,0.013463432,0.018677021,0.252395323,0.579779523,1.966881396,4.242823137,0.175585262,41.6311507,0.006703343,0,0
CH-030_10-15cm,0,0,0,0,0,50.03155068,0.000471906,0.001823383,0.016506899,0.004810866,0.00847848,0,0.001459966,0,0,0,0,0,0,0,0,2.378357337,0,0.008482137,0.017278061,0.172683997,0,2.556901319,4.608661524,0.181029485,39.9983165,0.013187462,0,0
CH-081_15-20cm,0,0,0,0,0,65.46745925,0,0.001653709,0.020598905,0.001184435,0.005363072,0,0.00275105,0,0,0,0,0.002711208,0,0,0,4.158307549,0.070963627,0.014015522,0.023629492,0.389279705,0,0.894948238,8.547706773,0.155201964,20.15307325,0.048922453,0.042229803,0
CH-028_0-4cm,0,0,0,0,0,55.95959896,0,0.0018445,0.021296399,0.014300314,0.006765,0,0.004594993,0,0,0,0,0.002618239,0,0,0,3.816037117,0.014373346,0.012084573,0.027424634,0.475772989,0,1.525200008,6.482653111,0.150300999,31.44803063,0.037104185,0,0
CH-015_25-30cm,0,0,0,0,0,63.466442,0.000493127,0.001502881,0.0157389,0.003682297,0.003045844,0,0.001665919,0,0,0,0,0.007213466,0,0,0,4.859163013,0.03046378,0.027077111,0.038171732,0.530558182,0.311277383,0.968309669,8.021718924,0.255461452,21.32140542,0.052910351,0.083698552,0
CH-137a,0,0,0,0,0,56.39985501,0,0.000956753,0.00858091,0.0026015,0.0032325,0,0.000799678,0,0,0,0,0.002489069,0,0,0,3.11010609,0.102798076,0.010434465,0.020402054,0.328401425,0.384049869,1.973137399,5.529719078,0.185244191,31.4867027,0.023438628,0,0.42705061
CH-138,0,0,0,0,0,50.48353084,0,0.000265351,0.004687,0.003147429,0.003553096,0,0,0,0,0,0,0,0,0,0,1.230197458,0.032697222,0,0.008188349,0.070835401,0.369380478,1.412417029,2.520403924,0.127124741,43.73357168,0,0,0
CH-015_0-5cm,0,0,0,0,0,67.50885039,0,0.001037874,0.011744836,0.003713497,0.002736863,0,0.001676939,0,0,0.002404434,0,0.00827189,0,0,0,4.151520494,0.040706107,0.020911402,0.029246177,0.433608841,0.588237206,0.831619377,5.341976567,0.23010783,20.59490425,0.04359687,0.153128158,0
V-005_250-500,0,0,0,0,0,51.68611565,0.000666,0.001095578,0.013591702,0.01208,0.002674557,0,0.000732766,0,0,0,0,0.006089328,0,0,0,2.371498735,0.045980175,0.007523355,0.015106025,0.193027949,4.006790447,1.502691908,4.02007099,0.155153156,35.30455117,0.020320636,0.173335275,0.460904606
CH-029_25-30cm,0,0,0,0,0,51.21188261,0.000491118,0.002077729,0.022361679,0.010941642,0.007575841,0,0.003948438,0,0,0,0,0.001890449,0,0,0,3.346685924,0.038442387,0.016133312,0.022460833,0.373010506,0,2.037616497,5.15023337,0.194146837,37.5370252,0.023075628,0,0
